gysz r;gysz;rendel√©s
24355772;671431024355772;3500123257
25374177;671431225374177;3500123257
25374878;671431225374878;3500123257
22346356;M11430622346356;3500123257
22078131;M11430622078131;3500123257
24404696;M11431024404696;3500123257
23028497;M11430823028497;3500123257
91280727;801432091280727;3500123257
22744866;M11430722744866;3500123257
22692782;M11430722692782;3500123257
23031934;M11430823031934;3500123257
23141257;M11430823141257;3500123257
23706770;M11430923706770;3500123257
23618103;M11430923618103;3500123257
23977406;M11430923977406;3500123257
27120129;801431527120129;3500123257
27057259;801431527057259;3500123257
22037299;M11430622037299;3500123257
27264851;M11431627264851;3500123257
22608413;M11430722608413;3500123257
23720149;M11430923720149;3500123257
23766311;M11430923766311;3500123257
22037188;M11430622037188;3500123257
23079666;M11430823079666;3500123257
23365811;M11430823365811;3500123257
23514617;M11430823514617;3500123257
22237677;M11430622237677;3500123257
22611341;M11430722611341;3500123257
23014198;M11430723014198;3500123257
23106603;M11430823106603;3500123257
23167873;M11430823167873;3500123257
24004921;M11430824004921;3500123257
23012791;M11430723012791;3500123257
23881688;M11430923881688;3500123257
24058684;M11430924058684;3500123257
24797417;M11431124797417;3500123257
23029624;M11430823029624;3500123257
23030676;M11430823030676;3500123257
22232261;M11430622232261;3500123257
23132410;M11430823132410;3500123257
23125448;M11430823125448;3500123257
23431814;M11430823431814;3500123257
23462111;M11430823462111;3500123257
22965454;M11430722965454;3500123257
10337398;621531210337398;3500123257
10351557;621531210351557;3500123257
10362663;621531310362663;3500123257
10373221;621531310373221;3500123257
10272507;M11531110272507;3500123257
10153781;M11530910153781;3500123257
10447680;621531710447680;3500123257
10117701;M11530710117701;3500123257
10339997;M11531210339997;3500123257
10517214;621532310517214;3500123257
10013740;M11530610013740;3500123257
10023888;M11530610023888;3500123257
10022735;M11530610022735;3500123257
10030745;M21530610030745;3500123257
10015952;M11530610015952;3500123257
10447830;621531710447830;3500123257
10384625;621531410384625;3500123257
10384602;621531410384602;3500123257
10384611;621531410384611;3500123257
10384617;621531410384617;3500123257
10385032;621531410385032;3500123257
10034032;M11530610034032;3500123257
10389356;621531410389356;3500123257
10389341;621531410389341;3500123257
10389343;621531410389343;3500123257
10389389;621531410389389;3500123257
10387460;621531410387460;3500123257
10052086;M11530610052086;3500123257
10241129;M11531010241129;3500123257
10386280;621531410386280;3500123257
10387753;621531410387753;3500123257
10389484;621531410389484;3500123257
10389522;621531410389522;3500123257
10389351;621531410389351;3500123257
10379757;621531410379757;3500123257
10379786;621531410379786;3500123257
10379792;621531410379792;3500123257
10382309;621531410382309;3500123257
10382386;621531410382386;3500123257
10382365;621531410382365;3500123257
91219997;801491991219997;3500123257
24975092;671431124975092;3500123257
23618548;M11430923618548;3500123257
24562066;M11431124562066;3500123257
21897014;M11430521897014;3500123257
24005723;M11430924005723;3500123257
23778197;M11430923778197;3500123257
23166445;M11430823166445;3500123257
23671536;M11430923671536;3500123257
22611154;M21430722611154;3500123257
24816882;M11431124816882;3500123257
22144522;M11430622144522;3500123257
22936099;M11430722936099;3500123257
22508185;M21430722508185;3500123257
22677273;M11430722677273;3500123257
23433694;M11430823433694;3500123257
23385166;M11430823385166;3500123257
23463435;M11430823463435;3500123257
23515110;M11430823515110;3500123257
22145447;M11430622145447;3500123257
22177150;M11430622177150;3500123257
22177336;M11430622177336;3500123257
22144542;M11430622144542;3500123257
22937353;M11430722937353;3500123257
22666706;M11430722666706;3500123257
23013427;M11430723013427;3500123257
23295470;M11430823295470;3500123257
23704431;M11430923704431;3500123257
22238563;M11430622238563;3500123257
26344837;801431426344837;3500123257
26344846;801431426344846;3500123257
26344803;801431426344803;3500123257
23353740;M11430823353740;3500123257
22075368;M11430622075368;3500123257
22172633;M11430622172633;3500123257
23705346;M11430923705346;3500123257
24798344;M11431124798344;3500123257
22239082;M11430622239082;3500123257
25373977;M11431225373977;3500123257
26344817;801431426344817;3500123257
26344831;801431426344831;3500123257
22936900;M11430722936900;3500123257
22942947;M11430722942947;3500123257
23015869;M11430723015869;3500123257
23127371;M11430823127371;3500123257
23312867;M11430823312867;3500123257
23670202;M11430923670202;3500123257
24941326;M11431124941326;3500123257
24041009;M11430924041009;3500123257
23414553;M11430823414553;3500123257
22492938;M11430722492938;3500123257
22704537;M11430722704537;3500123257
22776353;M11430722776353;3500123257
10380035;621531410380035;3500123257
10379875;621531410379875;3500123257
10379849;621531410379849;3500123257
10379854;621531410379854;3500123257
10379859;621531410379859;3500123257
10379666;621531410379666;3500123257
10069458;M11530610069458;3500123257
10092872;M11530710092872;3500123257
10384313;621531410384313;3500123257
10384315;621531410384315;3500123257
10384415;621531410384415;3500123257
10384614;621531410384614;3500123257
10384852;621531410384852;3500123257
10197497;M11530910197497;3500123257
10389450;621531410389450;3500123257
10384572;621531410384572;3500123257
10384581;621531410384581;3500123257
10384586;621531410384586;3500123257
10384509;621531410384509;3500123257
10384312;621531410384312;3500123257
10382690;621531410382690;3500123257
10386454;621531410386454;3500123257
10387908;621531410387908;3500123257
10387931;621531410387931;3500123257
10387883;621531410387883;3500123257
10387769;621531410387769;3500123257
10380240;621531410380240;3500123257
10380394;621531410380394;3500123257
10380428;621531410380428;3500123257
10382389;621531410382389;3500123257
10382244;621531410382244;3500123257
10382254;621531410382254;3500123257
91221862;801491991221862;3500123257
24742599;671421124742599;3500123257
90925087;671421490925087;3500123257
23161300;G11420823161300;3500123257
90934132;671421490934132;3500123257
90934133;671421490934133;3500123257
90934135;671421490934135;3500123257
90970835;801421490970835;3500123257
90970849;801421490970849;3500123257
90970850;801421490970850;3500123257
90970721;801421490970721;3500123257
90973433;801421490973433;3500123257
25720212;K11421325720212;3500123257
90954778;671421490954778;3500123257
90954786;671421490954786;3500123257
90955269;671421490955269;3500123257
90957043;671421490957043;3500123257
90970855;801421490970855;3500123257
90970859;801421490970859;3500123257
90947070;671421490947070;3500123257
90947069;671421490947069;3500123257
90947067;671421490947067;3500123257
90947066;671421490947066;3500123257
90947063;671421490947063;3500123257
90954469;671421490954469;3500123257
90947074;671421490947074;3500123257
90947073;671421490947073;3500123257
90947142;671421490947142;3500123257
90947129;671421490947129;3500123257
90947002;671421490947002;3500123257
90947071;671421490947071;3500123257
90946897;671421490946897;3500123257
90946896;671421490946896;3500123257
90946895;671421490946895;3500123257
90946889;671421490946889;3500123257
90946885;671421490946885;3500123257
90947076;671421490947076;3500123257
90946910;671421490946910;3500123257
90946909;671421490946909;3500123257
90946908;671421490946908;3500123257
90946907;671421490946907;3500123257
90946905;671421490946905;3500123257
90946900;671421490946900;3500123257
90946919;671421490946919;3500123257
90946918;671421490946918;3500123257
90946915;671421490946915;3500123257
90946913;671421490946913;3500123257
90946912;671421490946912;3500123257
90946911;671421490946911;3500123257
90947335;671421490947335;3500123257
90946926;671421490946926;3500123257
90946921;671421490946921;3500123257
90946920;671421490946920;3500123257
90946930;671421490946930;3500123257
90946934;671421490946934;3500123257
90947306;671421490947306;3500123257
90947303;671421490947303;3500123257
90947444;671421490947444;3500123257
90947491;671421490947491;3500123257
90947487;671421490947487;3500123257
90947336;671421490947336;3500123257
90947321;671421490947321;3500123257
90947320;671421490947320;3500123257
90947318;671421490947318;3500123257
90947315;671421490947315;3500123257
90947313;671421490947313;3500123257
90947311;671421490947311;3500123257
90947281;671421490947281;3500123257
90947334;671421490947334;3500123257
90947333;671421490947333;3500123257
90947327;671421490947327;3500123257
90947325;671421490947325;3500123257
90947322;671421490947322;3500123257
90934333;671421490934333;3500123257
25003619;G11421125003619;3500123257
25291512;G11421225291512;3500123257
25727331;G11421325727331;3500123257
90943502;671421490943502;3500123257
90943702;671421490943702;3500123257
90934138;671421490934138;3500123257
90934198;671421490934198;3500123257
90934387;671421490934387;3500123257
90934258;671421490934258;3500123257
90934329;671421490934329;3500123257
90934331;671421490934331;3500123257
10467800;622371810467800;3500123257
22609797;M11430722609797;3500123257
22276679;M11430622276679;3500123257
23373619;M11430823373619;3500123257
23881329;M11430923881329;3500123257
22239355;M11430622239355;3500123257
22271709;M11430622271709;3500123257
22716968;M11430722716968;3500123257
22788666;M11430722788666;3500123257
23658758;M21430923658758;3500123257
24313192;M11431024313192;3500123257
22627888;K21430722627888;3500123257
23730391;M11430923730391;3500123257
23923070;M11430923923070;3500123257
24563041;M11431124563041;3500123257
22076730;M11430622076730;3500123257
22261030;M11430622261030;3500123257
22726964;M11430722726964;3500123257
23079560;M11430823079560;3500123257
23373112;M11430823373112;3500123257
23387694;M11430823387694;3500123257
23499896;M11430823499896;3500123257
23658483;M11430923658483;3500123257
23659062;M11430923659062;3500123257
23922900;M11430923922900;3500123257
23935471;M11430923935471;3500123257
24026940;M11430924026940;3500123257
24660803;M11431124660803;3500123257
23416378;M21430823416378;3500123257
22964977;M11430722964977;3500123257
23340129;M21430823340129;3500123257
22611297;M11430722611297;3500123257
23311934;M11430823311934;3500123257
23331443;M11430823331443;3500123257
24925346;M11431124925346;3500123257
22654197;M11430722654197;3500123257
22956111;M11430722956111;3500123257
23015984;M11430723015984;3500123257
23202781;M11430823202781;3500123257
23312345;M11430823312345;3500123257
23922104;M11430923922104;3500123257
23945897;M11430923945897;3500123257
10362924;621531310362924;3500123257
10371151;621531310371151;3500123257
10371103;621531310371103;3500123257
10372795;621531310372795;3500123257
10278468;M11531110278468;3500123257
10249842;M11531010249842;3500123257
10207250;M11531010207250;3500123257
10512997;621532310512997;3500123257
10384353;621531410384353;3500123257
10384355;621531410384355;3500123257
10384364;621531410384364;3500123257
10388520;621531410388520;3500123257
10388409;621531410388409;3500123257
10384632;621531410384632;3500123257
10387553;621531410387553;3500123257
10387983;621531410387983;3500123257
10387984;621531410387984;3500123257
10387986;621531410387986;3500123257
10384481;621531410384481;3500123257
10384346;621531410384346;3500123257
10386427;621531410386427;3500123257
10386430;621531410386430;3500123257
10387831;621531410387831;3500123257
10387834;621531410387834;3500123257
10389487;621531410389487;3500123257
10389391;621531410389391;3500123257
10380159;621531410380159;3500123257
10382366;621531410382366;3500123257
10382261;621531410382261;3500123257
10382711;621531410382711;3500123257
10312957;M11531110312957;3500123257
10386425;621531410386425;3500123257
10379747;621531410379747;3500123257
10379753;621531410379753;3500123257
10379681;621531410379681;3500123257
10379683;621531410379683;3500123257
10380203;621531410380203;3500123257
10380325;621531410380325;3500123257
10211055;M11531010211055;3500123257
10251283;M11531010251283;3500123257
10379321;621531410379321;3500123257
10379946;621531410379946;3500123257
10379735;621531410379735;3500123257
10379732;621531410379732;3500123257
23922264;671430923922264;3500123257
24043617;M11430924043617;3500123257
24243182;M11431024243182;3500123257
22956655;M11430722956655;3500123257
23105958;M11430823105958;3500123257
23260767;M21430823260767;3500123257
23991339;M21430923991339;3500123257
24780844;M11431124780844;3500123257
24975219;M11431124975219;3500123257
24662015;M11431124662015;3500123257
23944466;M21430923944466;3500123257
24529611;M11431024529611;3500123257
23031203;M11430823031203;3500123257
23312540;M11430823312540;3500123257
23106893;M11430823106893;3500123257
24019205;M11430924019205;3500123257
23706913;M11430923706913;3500123257
23685985;M11430923685985;3500123257
24781188;M11431124781188;3500123257
25375596;M11431225375596;3500123257
25394627;M11431225394627;3500123257
22217620;M11430622217620;3500123257
22552074;M11430722552074;3500123257
22949029;M11430722949029;3500123257
23718992;M11430923718992;3500123257
24017236;M11430924017236;3500123257
24027455;M11430924027455;3500123257
24487072;M11431024487072;3500123257
24661269;M11431124661269;3500123257
24748620;M11431124748620;3500123257
23189956;M11430823189956;3500123257
23246968;M11430823246968;3500123257
23438323;M11430823438323;3500123257
23591421;M11430923591421;3500123257
23671301;M11430923671301;3500123257
23671913;M11430923671913;3500123257
21918297;M11430521918297;3500123257
21895894;M11430521895894;3500123257
22079735;M11430622079735;3500123257
22639364;M11430722639364;3500123257
22653931;M11430722653931;3500123257
22703595;M11430722703595;3500123257
23314252;M11430823314252;3500123257
23372673;M11430823372673;3500123257
23423619;M11430823423619;3500123257
24456496;M11431024456496;3500123257
23991982;M11430923991982;3500123257
22035493;M11430622035493;3500123257
23778546;M11430923778546;3500123257
24041936;M11430924041936;3500123257
24487370;M11431024487370;3500123257
24882130;M11431124882130;3500123257
23475761;M11430823475761;3500123257
26344798;801431426344798;3500123257
24798659;M11431124798659;3500123257
23037947;M11430823037947;3500123257
21979415;M11430621979415;3500123257
22789147;M11430722789147;3500123257
23365978;M11430823365978;3500123257
23450042;M11430823450042;3500123257
10203750;M11530910203750;3500123257
10232272;M11531010232272;3500123257
10225246;M11531010225246;3500123257
10379349;621531410379349;3500123257
10380038;621531410380038;3500123257
10379802;621531410379802;3500123257
10385010;621531410385010;3500123257
10422057;621531610422057;3500123257
10440013;621531710440013;3500123257
10357026;M11531210357026;3500123257
10251656;M11531010251656;3500123257
10041135;M31530610041135;3500123257
10388532;621531410388532;3500123257
10388495;621531410388495;3500123257
10388422;621531410388422;3500123257
10388425;621531410388425;3500123257
10384634;621531410384634;3500123257
10384637;621531410384637;3500123257
10388031;621531410388031;3500123257
10388034;621531410388034;3500123257
10307594;M11531110307594;3500123257
10383807;621531410383807;3500123257
10384510;621531410384510;3500123257
10384420;621531410384420;3500123257
10386393;621531410386393;3500123257
10386400;621531410386400;3500123257
10386367;621531410386367;3500123257
10389495;621531410389495;3500123257
10387583;621531410387583;3500123257
10387940;621531410387940;3500123257
10380413;621531410380413;3500123257
10380447;621531410380447;3500123257
10382304;621531410382304;3500123257
10382362;621531410382362;3500123257
10242425;M11531010242425;3500123257
10229309;M11531010229309;3500123257
10379803;621531410379803;3500123257
10379812;621531410379812;3500123257
10379822;621531410379822;3500123257
10379829;621531410379829;3500123257
10379832;621531410379832;3500123257
10379784;621531410379784;3500123257
22369635;M11430622369635;3500123257
22715847;M11430722715847;3500123257
22654605;M11430722654605;3500123257
24880933;M11431124880933;3500123257
24087635;M11430924087635;3500123257
24748854;M11431124748854;3500123257
24315319;M11431024315319;3500123257
23375943;M21430823375943;3500123257
24815493;M11431124815493;3500123257
24815743;M11431124815743;3500123257
22875952;M11430722875952;3500123257
22507869;M11430722507869;3500123257
23974498;M11430923974498;3500123257
23910991;M11430923910991;3500123257
24838418;M11431124838418;3500123257
23704848;M11430923704848;3500123257
24364250;M11431024364250;3500123257
24537002;M11431024537002;3500123257
24563407;M11431124563407;3500123257
24684695;M11431124684695;3500123257
22901916;M11430722901916;3500123257
22805719;M11430722805719;3500123257
24662459;M11431124662459;3500123257
24088216;M11430924088216;3500123257
24926372;M11431124926372;3500123257
24781588;M11431124781588;3500123257
22612491;M11430722612491;3500123257
22805700;M11430722805700;3500123257
23260951;M11430823260951;3500123257
23880552;M11430923880552;3500123257
23376269;M11430823376269;3500123257
24563716;M11431024563716;3500123257
10373239;621531310373239;3500123257
10373227;621531310373227;3500123257
10220697;M11531010220697;3500123257
10332483;M11531210332483;3500123257
10205868;M11530910205868;3500123257
10279009;M11531110279009;3500123257
10384848;621531410384848;3500123257
10396984;621531510396984;3500123257
10016431;M11530610016431;3500123257
10202400;M11530910202400;3500123257
10384497;621531410384497;3500123257
10384349;621531410384349;3500123257
10384412;621531410384412;3500123257
10384386;621531410384386;3500123257
10384631;621531410384631;3500123257
10384819;621531410384819;3500123257
10388058;621531410388058;3500123257
10384573;621531410384573;3500123257
10384559;621531410384559;3500123257
10384519;621531410384519;3500123257
10384524;621531410384524;3500123257
10384488;621531410384488;3500123257
10389340;621531410389340;3500123257
10389395;621531410389395;3500123257
10387570;621531410387570;3500123257
10387585;621531410387585;3500123257
10387976;621531410387976;3500123257
10387962;621531410387962;3500123257
10387712;621531410387712;3500123257
10387718;621531410387718;3500123257
10387719;621531410387719;3500123257
10389478;621531410389478;3500123257
10389520;621531410389520;3500123257
10389339;621531410389339;3500123257
10387823;621531410387823;3500123257
10387836;621531410387836;3500123257
10387839;621531410387839;3500123257
10387894;621531410387894;3500123257
10387901;621531410387901;3500123257
10387903;621531410387903;3500123257
10382707;621531410382707;3500123257
10278598;M11531110278598;3500123257
10386475;621531410386475;3500123257
10386479;621531410386479;3500123257
10386421;621531410386421;3500123257
10387856;621531410387856;3500123257
10382369;621531410382369;3500123257
10382272;621531410382272;3500123257
10382276;621531410382276;3500123257
10382286;621531410382286;3500123257
10382287;621531410382287;3500123257
10382248;621531410382248;3500123257
10380172;621531410380172;3500123257
10380182;621531410380182;3500123257
10380192;621531410380192;3500123257
10380131;621531410380131;3500123257
10380155;621531410380155;3500123257
10380440;621531410380440;3500123257
10379850;621531410379850;3500123257
10379857;621531410379857;3500123257
10379833;621531410379833;3500123257
10379568;621531410379568;3500123257
10379582;621531410379582;3500123257
10379670;621531410379670;3500123257
10256540;M11531010256540;3500123257
10257096;M11531010257096;3500123257
10250112;M11531010250112;3500123257
10225330;M11531010225330;3500123257
10242280;M11531010242280;3500123257
10313000;M11531110313000;3500123257
