gysz rövid;rendelésszám;Futó vonalkód sorszáma;Gyártási szám;Anyag;GYÉv;0
01234567;4570000466;99900001539239;16100001234567;G00018;2008;0
00601090;4570000466;99900001538504;44600000601090;G00064;2008;0
00607893;4570000466;99900001837246;44600000607893;G00064;2008;0
00608485;4570000466;99900001600862;44600000608485;G00064;2008;0
00610700;4570000466;99900001580774;44600000610700;G00064;2008;0
00612456;4570000466;99900001556570;44600000612456;G00064;2008;0
00613276;4570000466;99900001563569;44600000613276;G00064;2008;0
00615954;4570000466;99900001581231;44600000615954;G00064;2008;0
00619116;4570000466;99900001598126;44600000619116;G00064;2008;0
00619668;4570000466;99900001598125;44600000619668;G00064;2008;0
00619944;4570000466;99900001535455;44600000619944;G00064;2008;0
00731838;4570000466;99900001540700;44600000731838;G00064;2009;0
00736495;4570000466;99900001534180;44600000736495;G00064;2009;0
00736917;4570000466;99900001580199;44600000736917;G00064;2009;0
00741794;4570000466;99900000909631;44600000741794;G00064;2009;0
00742691;4570000466;99900001529874;44600000742691;G00064;2009;0
00751636;4570000466;99900001425901;44600000751636;G00064;2009;0
00753226;4570000466;99900001534171;44600000753226;G00064;2009;0
00754660;4570000466;99900001427087;44600000754660;G00064;2009;0
00754964;4570000466;99900001580275;44600000754964;G00064;2009;0
00754953;4570000466;99900001534172;44600000754953;G00064;2009;0
23999262;4570000466;99900001528915;16100023999262;G00018;2009;0
23999173;4570000466;99900001538500;16100023999173;G00018;2009;0
00757708;4570000466;99900001534175;44600000757708;G00064;2009;0
76543210;4570000466;99900001580202;44600076543210;G00064;2009;0
00762417;4570000466;99900001538527;44600000762417;G00064;2009;0
00763966;4570000466;99900001589621;44600000763966;G00064;2009;0
00763802;4570000466;99900001837207;44600000763802;G00064;2009;0
00765971;4570000466;99900001532884;44600000765971;G00064;2009;0
00766693;4570000466;99900000909626;44600000766693;G00064;2009;0
00769082;4570000466;99900001534169;44600000769082;G00064;2009;0
00789160;4570000466;99900001532871;44600000789160;G00064;2010;0
00789949;4570000466;99900001528978;44600000789949;G00064;2010;0
00789411;4570000466;99900001593756;44600000789411;G00064;2010;0
00790626;4570000466;99900001600855;44600000790626;G00064;2010;0
00790212;4570000466;99900001556599;44600000790212;G00064;2010;0
00797027;4570000466;99900001533297;44600000797027;G00064;2011;0
00796510;4570000466;99900001550091;44600000796510;G00064;2011;0
00798936;4570000466;99900001441134;44600000798936;G00064;2011;0
00804555;4570000466;99900001580198;44600000804555;G00064;2011;0
00806556;4570000466;99900001344717;44600000806556;G00064;2011;0
00808726;4570000466;99900001581138;44600000808726;G00064;2011;0
00567379;4570000466;99900001538506;27200000567379;G00011;2007;0
00827849;4570000466;99900001581179;44600000827849;G00064;2012;0
00581144;4570000466;99900001540726;27200000581144;G00011;2007;0
00836507;4570000466;99900001556602;44600000836507;G00064;2012;0
00837957;4570000466;99900001580817;44600000837957;G00064;2012;0
00838177;4570000466;99900001598105;44600000838177;G00064;2012;0
00840489;4570000466;99900001344706;44600000840489;G00064;2012;0
00849691;4570000466;99900001598107;44600000849691;G00064;2012;0
00850009;4570000466;99900001583801;44600000850009;G00064;2012;0
00849339;4570000466;99900001539205;44600000849339;G00064;2012;0
00551164;4570000466;99900000909641;27200000551164;G00011;2007;0
00903560;4570000466;99900001581201;44600000903560;G00064;2013;0
00906989;4570000466;99900001593803;44600000906989;G00064;2013;0
00907403;4570000466;99900001441119;44600000907403;G00064;2013;0
00911911;4570000466;99900001593796;44600000911911;G00064;2013;0
00923999;4570000466;99900001424006;44600000923999;G00064;2014;0
00924003;4570000466;99900001424002;44600000924003;G00064;2014;0
00924004;4570000466;99900001423989;44600000924004;G00064;2014;0
00923980;4570000466;99900001424001;44600000923980;G00064;2014;0
00923982;4570000466;99900001424007;44600000923982;G00064;2014;0
00924055;4570000466;99900001584130;44600000924055;G00064;2014;0
00924056;4570000466;99900001584128;44600000924056;G00064;2014;0
00924040;4570000466;99900001584141;44600000924040;G00064;2014;0
00924314;4570000466;99900001528944;44600000924314;G00064;2014;0
00929416;4570000466;99900001584132;44600000929416;G00064;2014;0
00929438;4570000466;99900001424003;44600000929438;G00064;2014;0
00929400;4570000466;99900001584131;44600000929400;G00064;2014;0
00547883;4570000466;99900001539265;27200000547883;G00011;2007;0
00551983;4570000466;99900001580845;27200000551983;G00011;2007;0
00931739;4570000466;99900001528954;44600000931739;G00064;2014;0
00931889;4570000466;99900001423981;44600000931889;G00064;2014;0
00931916;4570000466;99900001424005;44600000931916;G00064;2014;0
00931906;4570000466;99900001424008;44600000931906;G00064;2014;0
00931880;4570000466;99900001424011;44600000931880;G00064;2014;0
00931884;4570000466;99900001423966;44600000931884;G00064;2014;0
00932026;4570000466;99900001534187;44600000932026;G00064;2014;0
00932027;4570000466;99900001534200;44600000932027;G00064;2014;0
00932030;4570000466;99900001534197;44600000932030;G00064;2014;0
00932006;4570000466;99900001837202;44600000932006;G00064;2014;0
00932007;4570000466;99900001837209;44600000932007;G00064;2014;0
00932017;4570000466;99900001837206;44600000932017;G00064;2014;0
00932018;4570000466;99900001837210;44600000932018;G00064;2014;0
00932022;4570000466;99900001837208;44600000932022;G00064;2014;0
00932023;4570000466;99900001837205;44600000932023;G00064;2014;0
00932010;4570000466;99900001837201;44600000932010;G00064;2014;0
00932015;4570000466;99900001534196;44600000932015;G00064;2014;0
00932338;4570000466;99900001439741;44600000932338;G00064;2014;0
00932457;4570000466;99900001424012;44600000932457;G00064;2014;0
00932453;4570000466;99900001423985;44600000932453;G00064;2014;0
00932469;4570000466;99900001424000;44600000932469;G00064;2014;0
00932470;4570000466;99900001424009;44600000932470;G00064;2014;0
00932417;4570000466;99900001423957;44600000932417;G00064;2014;0
00932428;4570000466;99900001423993;44600000932428;G00064;2014;0
00942104;4570000466;99900001437305;44600000942104;G00064;2014;0
00942106;4570000466;99900001437307;44600000942106;G00064;2014;0
00942117;4570000466;99900001437303;44600000942117;G00064;2014;0
00942116;4570000466;99900001437309;44600000942116;G00064;2014;0
00942109;4570000466;99900001583752;44600000942109;G00064;2014;0
00942110;4570000466;99900001437306;44600000942110;G00064;2014;0
00942719;4570000466;99900001531347;44600000942719;G00064;2014;0
00942650;4570000466;99900001584465;44600000942650;G00064;2014;0
00942652;4570000466;99900001584463;44600000942652;G00064;2014;0
00942677;4570000466;99900001584468;44600000942677;G00064;2014;0
00942672;4570000466;99900001584462;44600000942672;G00064;2014;0
26206834;4570000466;99900001580787;32600026206834;G00036;2014;0
00947803;4570000466;99900001583795;44600000947803;G00064;2014;0
00948079;4570000466;99900001540747;44600000948079;G00064;2014;0
00948093;4570000466;99900001540735;44600000948093;G00064;2014;0
00948156;4570000466;99900001537861;44600000948156;G00064;2014;0
00948166;4570000466;99900001537824;44600000948166;G00064;2014;0
00948162;4570000466;99900001600861;44600000948162;G00064;2014;0
00948164;4570000466;99900001537868;44600000948164;G00064;2014;0
00948428;4570000466;99900001540749;44600000948428;G00064;2014;0
00948499;4570000466;99900001584677;44600000948499;G00064;2014;0
00948394;4570000466;99900001556642;44600000948394;G00064;2014;0
00948397;4570000466;99900001556641;44600000948397;G00064;2014;0
00948400;4570000466;99900001529909;44600000948400;G00064;2014;0
00948393;4570000466;99900001556640;44600000948393;G00064;2014;0
00948412;4570000466;99900001529896;44600000948412;G00064;2014;0
00948414;4570000466;99900001529917;44600000948414;G00064;2014;0
00948415;4570000466;99900001529903;44600000948415;G00064;2014;0
00948416;4570000466;99900001529912;44600000948416;G00064;2014;0
00948417;4570000466;99900001529895;44600000948417;G00064;2014;0
00948418;4570000466;99900001529894;44600000948418;G00064;2014;0
00948419;4570000466;99900001529908;44600000948419;G00064;2014;0
00948411;4570000466;99900001529951;44600000948411;G00064;2014;0
00948403;4570000466;99900001529904;44600000948403;G00064;2014;0
00948404;4570000466;99900001529905;44600000948404;G00064;2014;0
00948405;4570000466;99900001529910;44600000948405;G00064;2014;0
00948408;4570000466;99900001529913;44600000948408;G00064;2014;0
00948409;4570000466;99900001580229;44600000948409;G00064;2014;0
00948410;4570000466;99900001529899;44600000948410;G00064;2014;0
00948360;4570000466;99900001529888;44600000948360;G00064;2014;0
00948363;4570000466;99900001529886;44600000948363;G00064;2014;0
00948366;4570000466;99900001529893;44600000948366;G00064;2014;0
00948354;4570000466;99900001529898;44600000948354;G00064;2014;0
00948355;4570000466;99900001529897;44600000948355;G00064;2014;0
00948357;4570000466;99900001529885;44600000948357;G00064;2014;0
00948377;4570000466;99900001529942;44600000948377;G00064;2014;0
00948378;4570000466;99900001529938;44600000948378;G00064;2014;0
00948381;4570000466;99900001556649;44600000948381;G00064;2014;0
00948371;4570000466;99900001529946;44600000948371;G00064;2014;0
00948372;4570000466;99900001580201;44600000948372;G00064;2014;0
00948374;4570000466;99900001529940;44600000948374;G00064;2014;0
00950804;4570000466;99900001425914;44600000950804;G00064;2014;0
00950770;4570000466;99900001425922;44600000950770;G00064;2014;0
00950771;4570000466;99900001425903;44600000950771;G00064;2014;0
00950776;4570000466;99900001425908;44600000950776;G00064;2014;0
00950763;4570000466;99900001425909;44600000950763;G00064;2014;0
00950777;4570000466;99900001425913;44600000950777;G00064;2014;0
00950778;4570000466;99900001425906;44600000950778;G00064;2014;0
00950899;4570000466;99900001563495;44600000950899;G00064;2014;0
00950837;4570000466;99900001600876;44600000950837;G00064;2014;0
00951016;4570000466;99900001427095;44600000951016;G00064;2014;0
00951036;4570000466;99900001425926;44600000951036;G00064;2014;0
00950998;4570000466;99900001425924;44600000950998;G00064;2014;0
00951000;4570000466;99900001425910;44600000951000;G00064;2014;0
00951075;4570000466;99900001439745;44600000951075;G00064;2014;0
00951106;4570000466;99900001427077;44600000951106;G00064;2014;0
00951099;4570000466;99900001425912;44600000951099;G00064;2014;0
00951041;4570000466;99900001425902;44600000951041;G00064;2014;0
00951047;4570000466;99900000859195;44600000951047;G00064;2014;0
00951145;4570000466;99900001540752;44600000951145;G00064;2014;0
00951136;4570000466;99900001540753;44600000951136;G00064;2014;0
00951205;4570000466;99900001600914;44600000951205;G00064;2014;0
00951222;4570000466;99900001600907;44600000951222;G00064;2014;0
00951216;4570000466;99900001600913;44600000951216;G00064;2014;0
00951209;4570000466;99900001600912;44600000951209;G00064;2014;0
00960066;4570000466;99900001580189;44600000960066;G00064;2014;0
00960058;4570000466;99900001580233;44600000960058;G00064;2014;0
00960056;4570000466;99900001580791;44600000960056;G00064;2014;0
00960172;4570000466;99900001583784;44600000960172;G00064;2014;0
00960199;4570000466;99900001583802;44600000960199;G00064;2014;0
00960191;4570000466;99900001583785;44600000960191;G00064;2014;0
00960147;4570000466;99900001583787;44600000960147;G00064;2014;0
00960149;4570000466;99900001583788;44600000960149;G00064;2014;0
00960138;4570000466;99900001583789;44600000960138;G00064;2014;0
00960141;4570000466;99900001583782;44600000960141;G00064;2014;0
00960144;4570000466;99900001583798;44600000960144;G00064;2014;0
00960265;4570000466;99900001584717;44600000960265;G00064;2014;0
00960663;4570000466;99900001580267;44600000960663;G00064;2014;0
00960668;4570000466;99900001580271;44600000960668;G00064;2014;0
00960694;4570000466;99900001580794;44600000960694;G00064;2014;0
00960683;4570000466;99900001529892;44600000960683;G00064;2014;0
00960636;4570000466;99900001580224;44600000960636;G00064;2014;0
00960637;4570000466;99900001580219;44600000960637;G00064;2014;0
00960638;4570000466;99900001580216;44600000960638;G00064;2014;0
00960639;4570000466;99900001529901;44600000960639;G00064;2014;0
00960635;4570000466;99900001580221;44600000960635;G00064;2014;0
00960627;4570000466;99900001580228;44600000960627;G00064;2014;0
00960629;4570000466;99900001580220;44600000960629;G00064;2014;0
00960630;4570000466;99900001580210;44600000960630;G00064;2014;0
00960631;4570000466;99900001580222;44600000960631;G00064;2014;0
00960632;4570000466;99900001580223;44600000960632;G00064;2014;0
00960633;4570000466;99900001580217;44600000960633;G00064;2014;0
00960656;4570000466;99900001580263;44600000960656;G00064;2014;0
00548984;4570000466;99900001580248;27200000548984;G00011;2007;0
00961650;4570000466;99900001580759;44600000961650;G00064;2014;0
00961642;4570000466;99900001580795;44600000961642;G00064;2014;0
00961643;4570000466;99900001580754;44600000961643;G00064;2014;0
00961645;4570000466;99900001580755;44600000961645;G00064;2014;0
00961646;4570000466;99900001580486;44600000961646;G00064;2014;0
00961647;4570000466;99900001580478;44600000961647;G00064;2014;0
00961649;4570000466;99900001580753;44600000961649;G00064;2014;0
00961659;4570000466;99900001580261;44600000961659;G00064;2014;0
00961669;4570000466;99900001580251;44600000961669;G00064;2014;0
00961670;4570000466;99900001580252;44600000961670;G00064;2014;0
00961675;4570000466;99900001580243;44600000961675;G00064;2014;0
00961663;4570000466;99900001580257;44600000961663;G00064;2014;0
00961665;4570000466;99900001580250;44600000961665;G00064;2014;0
00961666;4570000466;99900001580260;44600000961666;G00064;2014;0
00961610;4570000466;99900001529949;44600000961610;G00064;2014;0
00961634;4570000466;99900001580211;44600000961634;G00064;2014;0
00961635;4570000466;99900001580214;44600000961635;G00064;2014;0
00961637;4570000466;99900001580213;44600000961637;G00064;2014;0
00961638;4570000466;99900001580208;44600000961638;G00064;2014;0
00961633;4570000466;99900001529889;44600000961633;G00064;2014;0
00961627;4570000466;99900001580225;44600000961627;G00064;2014;0
00961628;4570000466;99900001580226;44600000961628;G00064;2014;0
00961630;4570000466;99900001580231;44600000961630;G00064;2014;0
00961631;4570000466;99900001529936;44600000961631;G00064;2014;0
00961796;4570000466;99900001580518;44600000961796;G00064;2014;0
00961809;4570000466;99900001529914;44600000961809;G00064;2014;0
00961810;4570000466;99900001529884;44600000961810;G00064;2014;0
00961811;4570000466;99900001529890;44600000961811;G00064;2014;0
00961812;4570000466;99900001529918;44600000961812;G00064;2014;0
00961814;4570000466;99900001529900;44600000961814;G00064;2014;0
00961815;4570000466;99900001529915;44600000961815;G00064;2014;0
00961816;4570000466;99900001529935;44600000961816;G00064;2014;0
00961808;4570000466;99900001529932;44600000961808;G00064;2014;0
00961803;4570000466;99900001529929;44600000961803;G00064;2014;0
00961804;4570000466;99900001529930;44600000961804;G00064;2014;0
00961805;4570000466;99900001529928;44600000961805;G00064;2014;0
00961806;4570000466;99900001529934;44600000961806;G00064;2014;0
00961807;4570000466;99900001529891;44600000961807;G00064;2014;0
00961757;4570000466;99900001580184;44600000961757;G00064;2014;0
00961758;4570000466;99900001580215;44600000961758;G00064;2014;0
00961759;4570000466;99900001580247;44600000961759;G00064;2014;0
00961760;4570000466;99900001580245;44600000961760;G00064;2014;0
00961761;4570000466;99900001580183;44600000961761;G00064;2014;0
00961762;4570000466;99900001580244;44600000961762;G00064;2014;0
00961763;4570000466;99900001580227;44600000961763;G00064;2014;0
00961747;4570000466;99900001580479;44600000961747;G00064;2014;0
00961748;4570000466;99900001580788;44600000961748;G00064;2014;0
00961752;4570000466;99900001580204;44600000961752;G00064;2014;0
00961753;4570000466;99900001580203;44600000961753;G00064;2014;0
00961754;4570000466;99900001529943;44600000961754;G00064;2014;0
00962006;4570000466;99900001540737;44600000962006;G00064;2014;0
00962251;4570000466;99900001532931;44600000962251;G00064;2014;0
00962338;4570000466;99900001583797;44600000962338;G00064;2014;0
00962339;4570000466;99900001583792;44600000962339;G00064;2014;0
00962340;4570000466;99900001583807;44600000962340;G00064;2014;0
00962342;4570000466;99900001583799;44600000962342;G00064;2014;0
00962332;4570000466;99900001583794;44600000962332;G00064;2014;0
00962333;4570000466;99900001583793;44600000962333;G00064;2014;0
00962346;4570000466;99900001583790;44600000962346;G00064;2014;0
00962314;4570000466;99900001583757;44600000962314;G00064;2014;0
00962307;4570000466;99900001583758;44600000962307;G00064;2014;0
00962308;4570000466;99900001583756;44600000962308;G00064;2014;0
00962311;4570000466;99900001583803;44600000962311;G00064;2014;0
00962324;4570000466;99900001583770;44600000962324;G00064;2014;0
00550863;4570000466;99900001528994;27200000550863;G00011;2007;0
00811571;4570000466;99900001580246;44610000811571;G00064;2014;0
00827415;4570000466;99900001580470;44610000827415;G00064;2014;0
00604083;4570000466;99900001580514;44610000604083;G00064;2014;0
00790719;4570000466;99900001580249;44610000790719;G00064;2014;0
00805608;4570000466;99900001532900;50800000805608;G00082;2014;0
23738538;4570000466;99900001532885;27200023738538;G00011;2009;0
00534733;4570000466;99900001532942;27200000534733;G00011;2007;0
00550686;4570000466;99900001548593;27200000550686;G00011;2007;0
00558673;4570000466;99900001548597;27200000558673;G00011;2007;0
00580583;4570000466;99900001556647;27200000580583;G00011;2007;0
00551024;4570000466;99900001580524;27200000551024;G00011;2007;0
00552934;4570000466;99900001529922;27200000552934;G00011;2007;0
00573568;4570000466;99900001580521;27200000573568;G00011;2007;0
00552589;4570000466;99900001441127;27200000552589;G00011;2007;0
23739524;4570000466;99900001584632;27200023739524;G00011;2009;0
00619483;4570000466;99900001540720;27200000619483;G00011;2008;0
00551694;4570000466;99900001529857;27200000551694;G00011;2007;0
00987011;4570000466;99900001425907;44600000987011;G00064;2014;0
00987572;4570000466;99900001539252;44600000987572;G00064;2014;0
00987569;4570000466;99900001539251;44600000987569;G00064;2014;0
00987591;4570000466;99900001539260;44600000987591;G00064;2014;0
00987592;4570000466;99900001539278;44600000987592;G00064;2014;0
00987583;4570000466;99900001539253;44600000987583;G00064;2014;0
00987585;4570000466;99900001535459;44600000987585;G00064;2014;0
00987643;4570000466;99900001540724;44600000987643;G00064;2014;0
00987787;4570000466;99900001569733;44600000987787;G00064;2014;0
00987799;4570000466;99900001569751;44600000987799;G00064;2014;0
00987802;4570000466;99900001569726;44600000987802;G00064;2014;0
00987805;4570000466;99900001580500;44600000987805;G00064;2014;0
00987806;4570000466;99900001569753;44600000987806;G00064;2014;0
00987793;4570000466;99900001569731;44600000987793;G00064;2014;0
00987746;4570000466;99900001569725;44600000987746;G00064;2014;0
00987752;4570000466;99900001569758;44600000987752;G00064;2014;0
00987745;4570000466;99900001529948;44600000987745;G00064;2014;0
00987737;4570000466;99900001569749;44600000987737;G00064;2014;0
00987738;4570000466;99900001569736;44600000987738;G00064;2014;0
00987740;4570000466;99900001569746;44600000987740;G00064;2014;0
00987741;4570000466;99900001569757;44600000987741;G00064;2014;0
00987742;4570000466;99900001569730;44600000987742;G00064;2014;0
00987743;4570000466;99900001569750;44600000987743;G00064;2014;0
00987744;4570000466;99900001569734;44600000987744;G00064;2014;0
00987767;4570000466;99900001569728;44600000987767;G00064;2014;0
00987768;4570000466;99900001569729;44600000987768;G00064;2014;0
00987771;4570000466;99900001580504;44600000987771;G00064;2014;0
00987757;4570000466;99900001569727;44600000987757;G00064;2014;0
00987758;4570000466;99900001569735;44600000987758;G00064;2014;0
00553119;4570000466;99900001529902;27200000553119;G00011;2007;0
00581180;4570000466;99900001556648;27200000581180;G00011;2007;0
00990777;4570000466;99900001423916;44600000990777;G00064;2015;0
00990961;4570000466;99900001423915;44600000990961;G00064;2015;0
00991327;4570000466;99900001448469;44600000991327;G00064;2015;0
00991283;4570000466;99900001565893;44600000991283;G00064;2015;0
00991512;4570000466;99900001448484;44600000991512;G00064;2015;0
00991504;4570000466;99900001425030;44600000991504;G00064;2015;0
00996160;4570000466;99900001866313;44600000996160;G00064;2015;0
00997742;4570000466;99900001448564;44600000997742;G00064;2015;0
00997738;4570000466;99900001448538;44600000997738;G00064;2015;0
00997735;4570000466;99900001448561;44600000997735;G00064;2015;0
00997985;4570000466;99900001580771;44600000997985;G00064;2015;0
01000972;4570000466;99900001448606;44600001000972;G00064;2015;0
01000973;4570000466;99900001448556;44600001000973;G00064;2015;0
01000975;4570000466;99900001448534;44600001000975;G00064;2015;0
01000976;4570000466;99900001448542;44600001000976;G00064;2015;0
01000977;4570000466;99900001448529;44600001000977;G00064;2015;0
01000978;4570000466;99900001448544;44600001000978;G00064;2015;0
01000962;4570000466;99900001448555;44600001000962;G00064;2015;0
01000967;4570000466;99900001448530;44600001000967;G00064;2015;0
01000968;4570000466;99900001448560;44600001000968;G00064;2015;0
01000969;4570000466;99900001448559;44600001000969;G00064;2015;0
01000990;4570000466;99900001448543;44600001000990;G00064;2015;0
01000994;4570000466;99900001448613;44600001000994;G00064;2015;0
01000995;4570000466;99900001448547;44600001000995;G00064;2015;0
01000988;4570000466;99900001448548;44600001000988;G00064;2015;0
01000985;4570000466;99900001448541;44600001000985;G00064;2015;0
01000986;4570000466;99900001448545;44600001000986;G00064;2015;0
01000987;4570000466;99900001448532;44600001000987;G00064;2015;0
01000938;4570000466;99900001448552;44600001000938;G00064;2015;0
01000930;4570000466;99900001448557;44600001000930;G00064;2015;0
01000956;4570000466;99900001448533;44600001000956;G00064;2015;0
01002162;4570000466;99900001423911;44600001002162;G00064;2015;0
01002160;4570000466;99900001423923;44600001002160;G00064;2015;0
01016839;4570000466;99900001441150;44600001016839;G00064;2015;0
32594245;4570000466;99900001584424;51500032594245;G00085;2015;0
32594253;4570000466;99900001287817;51500032594253;G00085;2015;0
32594227;4570000466;99900001423913;51500032594227;G00085;2015;0
32594238;4570000466;99900001584425;51500032594238;G00085;2015;0
32594262;4570000466;99900001423907;51500032594262;G00085;2015;0
32594258;4570000466;99900001423909;51500032594258;G00085;2015;0
32592390;4570000466;99900001854906;51500032592390;G00085;2015;0
32592441;4570000466;99900001866345;51500032592441;G00085;2015;0
32592420;4570000466;99900001866342;51500032592420;G00085;2015;0
32592417;4570000466;99900001423912;51500032592417;G00085;2015;0
32592427;4570000466;99900001866344;51500032592427;G00085;2015;0
32592585;4570000466;99900001600554;51500032592585;G00085;2015;0
32592534;4570000466;99900001600542;51500032592534;G00085;2015;0
32592567;4570000466;99900001423908;51500032592567;G00085;2015;0
27064274;4570000466;99900001448508;51600027064274;G00086;2015;0
27065074;4570000466;99900001854909;51600027065074;G00086;2015;0
27065075;4570000466;99900001866301;51600027065075;G00086;2015;0
27065076;4570000466;99900001854908;51600027065076;G00086;2015;0
27069874;4570000466;99900001540694;51600027069874;G00086;2015;0
27070055;4570000466;99900001537850;51600027070055;G00086;2015;0
01026082;4570000466;99900001439762;44600001026082;G00064;2015;0
01026086;4570000466;99900001439777;44600001026086;G00064;2015;0
01026080;4570000466;99900001439746;44600001026080;G00064;2015;0
01026100;4570000466;99900001439757;44600001026100;G00064;2015;0
01026101;4570000466;99900001439764;44600001026101;G00064;2015;0
01026102;4570000466;99900001439767;44600001026102;G00064;2015;0
01026105;4570000466;99900001439756;44600001026105;G00064;2015;0
01026098;4570000466;99900001439768;44600001026098;G00064;2015;0
01026093;4570000466;99900001439776;44600001026093;G00064;2015;0
01026052;4570000466;99900001439753;44600001026052;G00064;2015;0
01026042;4570000466;99900001439754;44600001026042;G00064;2015;0
01026044;4570000466;99900001439770;44600001026044;G00064;2015;0
01026064;4570000466;99900001439751;44600001026064;G00064;2015;0
01026055;4570000466;99900001439769;44600001026055;G00064;2015;0
01026060;4570000466;99900001439748;44600001026060;G00064;2015;0
01026223;4570000466;99900001439755;44600001026223;G00064;2015;0
01026234;4570000466;99900001439761;44600001026234;G00064;2015;0
01026310;4570000466;99900001439752;44600001026310;G00064;2015;0
01026312;4570000466;99900001439744;44600001026312;G00064;2015;0
01026314;4570000466;99900001439766;44600001026314;G00064;2015;0
01026302;4570000466;99900001439773;44600001026302;G00064;2015;0
01026251;4570000466;99900001439749;44600001026251;G00064;2015;0
01026281;4570000466;99900001439765;44600001026281;G00064;2015;0
01026269;4570000466;99900001439775;44600001026269;G00064;2015;0
27068363;4570000466;99900001600545;51600027068363;G00086;2015;0
27068349;4570000466;99900001583731;51600027068349;G00086;2015;0
27068538;4570000466;99900001563557;51600027068538;G00086;2015;0
27068539;4570000466;99900001563518;51600027068539;G00086;2015;0
27066173;4570000466;99900001423906;51600027066173;G00086;2015;0
27066957;4570000466;99900001563556;51600027066957;G00086;2015;0
27067312;4570000466;99900001565897;51600027067312;G00086;2015;0
01033289;4570000466;99900001543499;44600001033289;G00064;2015;0
01033266;4570000466;99900001420964;44600001033266;G00064;2015;0
01033267;4570000466;99900001543493;44600001033267;G00064;2015;0
01033320;4570000466;99900001565904;44600001033320;G00064;2015;0
01033331;4570000466;99900001565901;44600001033331;G00064;2015;0
01033496;4570000466;99900001576849;44600001033496;G00064;2015;0
01040165;4570000466;99900001565887;44600001040165;G00064;2015;0
01040269;4570000466;99900001448499;44600001040269;G00064;2015;0
01040271;4570000466;99900001448503;44600001040271;G00064;2015;0
01040274;4570000466;99900001448496;44600001040274;G00064;2015;0
01040267;4570000466;99900001448506;44600001040267;G00064;2015;0
01040288;4570000466;99900001448550;44600001040288;G00064;2015;0
01040289;4570000466;99900001448535;44600001040289;G00064;2015;0
01040290;4570000466;99900001448537;44600001040290;G00064;2015;0
01040294;4570000466;99900001448531;44600001040294;G00064;2015;0
01040286;4570000466;99900001448551;44600001040286;G00064;2015;0
01040284;4570000466;99900001448536;44600001040284;G00064;2015;0
01040237;4570000466;99900001448528;44600001040237;G00064;2015;0
01040240;4570000466;99900001448507;44600001040240;G00064;2015;0
01040242;4570000466;99900001448512;44600001040242;G00064;2015;0
01040254;4570000466;99900001448511;44600001040254;G00064;2015;0
01040258;4570000466;99900001448504;44600001040258;G00064;2015;0
01040259;4570000466;99900001448510;44600001040259;G00064;2015;0
01040245;4570000466;99900001448513;44600001040245;G00064;2015;0
01040247;4570000466;99900001448474;44600001040247;G00064;2015;0
01040249;4570000466;99900001448520;44600001040249;G00064;2015;0
01040378;4570000466;99900001448602;44600001040378;G00064;2015;0
01041548;4570000466;99900001448586;44600001041548;G00064;2015;0
01041539;4570000466;99900001448585;44600001041539;G00064;2015;0
01041493;4570000466;99900001565888;44600001041493;G00064;2015;0
01041488;4570000466;99900001420961;44600001041488;G00064;2015;0
01041514;4570000466;99900001420972;44600001041514;G00064;2015;0
01041518;4570000466;99900001448476;44600001041518;G00064;2015;0
01041607;4570000466;99900001420948;44600001041607;G00064;2015;0
01041618;4570000466;99900001420949;44600001041618;G00064;2015;0
01041587;4570000466;99900001420951;44600001041587;G00064;2015;0
01041588;4570000466;99900001420956;44600001041588;G00064;2015;0
01041741;4570000466;99900001448562;44600001041741;G00064;2015;0
01041742;4570000466;99900001448517;44600001041742;G00064;2015;0
01041744;4570000466;99900001448488;44600001041744;G00064;2015;0
01041732;4570000466;99900001448518;44600001041732;G00064;2015;0
01041760;4570000466;99900001448519;44600001041760;G00064;2015;0
01041761;4570000466;99900001448516;44600001041761;G00064;2015;0
01041748;4570000466;99900001448527;44600001041748;G00064;2015;0
01041751;4570000466;99900001448566;44600001041751;G00064;2015;0
01041755;4570000466;99900001448497;44600001041755;G00064;2015;0
01041704;4570000466;99900001448486;44600001041704;G00064;2015;0
01041707;4570000466;99900001448492;44600001041707;G00064;2015;0
01041709;4570000466;99900001448607;44600001041709;G00064;2015;0
01041710;4570000466;99900001448567;44600001041710;G00064;2015;0
01041699;4570000466;99900001448491;44600001041699;G00064;2015;0
01041722;4570000466;99900001448487;44600001041722;G00064;2015;0
01041723;4570000466;99900001448509;44600001041723;G00064;2015;0
01041726;4570000466;99900001448526;44600001041726;G00064;2015;0
01041717;4570000466;99900001448515;44600001041717;G00064;2015;0
01041718;4570000466;99900001448525;44600001041718;G00064;2015;0
27111016;4570000466;99900001532917;51600027111016;G00086;2015;0
27111068;4570000466;99900001439780;51600027111068;G00086;2015;0
27111415;4570000466;99900001854905;51600027111415;G00086;2015;0
27111396;4570000466;99900001854904;51600027111396;G00086;2015;0
27111402;4570000466;99900001854903;51600027111402;G00086;2015;0
27111388;4570000466;99900001423925;51600027111388;G00086;2015;0
27111771;4570000466;99900001439779;51600027111771;G00086;2015;0
27111772;4570000466;99900001439763;51600027111772;G00086;2015;0
27111764;4570000466;99900001439772;51600027111764;G00086;2015;0
27111765;4570000466;99900001439771;51600027111765;G00086;2015;0
27112326;4570000466;99900001439747;51600027112326;G00086;2015;0
27112345;4570000466;99900001439750;51600027112345;G00086;2015;0
27112338;4570000466;99900001534182;51600027112338;G00086;2015;0
01082352;4570000466;99900001535464;44600001082352;G00064;2016;0
01085129;4570000466;99900001441121;44600001085129;G00064;2016;0
01089205;4570000466;99900001556593;44600001089205;G00064;2016;0
00544585;4570000466;99900001538526;27200000544585;G00011;2007;0
00560450;4570000466;99900001528922;27200000560450;G00011;2007;0
00549327;4570000466;99900001529798;27200000549327;G00011;2007;0
00556165;4570000466;99900001556585;27200000556165;G00011;2007;0
00548461;4570000466;99900001580802;27200000548461;G00011;2007;0
00560433;4570000466;99900001529919;27200000560433;G00011;2007;0
00574187;4570000466;99900001539291;27200000574187;G00011;2007;0
00567437;4570000466;99900001569723;27200000567437;G00011;2007;0
00567976;4570000466;99900001539210;27200000567976;G00011;2007;0
00561169;4570000466;99900001534183;27200000561169;G00011;2007;0
00566668;4570000466;99900001584613;27200000566668;G00011;2007;0
23740111;4570000466;99900001584606;27200023740111;G00011;2009;0
41885171;4570000466;99900001573224;1800041885171;G00009;2022;0
00828556;4570000466;99900001556587;27200000828556;G00011;2012;0
00827192;4570000466;99900001550095;27200000827192;G00011;2012;0
