gysz;rendelésszám;Anyag;Gyártási szám
1216023;4501888250;43858202;832411601216023
1216025;4501888250;43858202;832411601216025
1216036;4501888250;43858202;832411601216036
1303039;4501888250;43858202;832411701303039
1303088;4501888250;43858202;832411701303088
1303576;4501888250;43858202;832411701303576
1326095;4501888250;43858202;832411701326095
1350111;4501888250;43858202;832411701350111
1350654;4501888250;43858202;832411701350654
1450227;4501888250;43858202;832411701450227
1461965;4501888250;43858202;832411701461965
1575497;4501888250;43858202;832411701575497
1576606;4501888250;43858202;832411701576606
1576857;4501888250;43858202;832411701576857
1576862;4501888250;43858202;832411701576862
1576865;4501888250;43858202;832411701576865
1576878;4501888250;43858202;832411701576878
1576955;4501888250;43858202;832411701576955
1576979;4501888250;43858202;832411701576979
1040025;4501888250;43858252;835501601040025
1040131;4501888250;43858252;835501601040131
1040307;4501888250;43858252;835501601040307
1040334;4501888250;43858252;835501601040334
1040566;4501888250;43858252;835501601040566
1040693;4501888250;43858252;835501601040693
1040749;4501888250;43858252;835501601040749
1040752;4501888250;43858252;835501601040752
1040754;4501888250;43858252;835501601040754
1058342;4501888250;43858252;835501601058342
1058599;4501888250;43858252;835501601058599
1058763;4501888250;43858252;835501601058763
1058768;4501888250;43858252;835501601058768
1058794;4501888250;43858252;835501601058794
1058929;4501888250;43858252;835501601058929
1058941;4501888250;43858252;835501601058941
1058948;4501888250;43858252;835501601058948
1058971;4501888250;43858252;835501601058971
1058978;4501888250;43858252;835501601058978
1058985;4501888250;43858252;835501601058985
1058986;4501888250;43858252;835501601058986
1059515;4501888250;43858252;835501601059515
1059536;4501888250;43858252;835501601059536
1217063;4501888250;43858252;835501601217063
1217064;4501888250;43858252;835501601217064
1217286;4501888250;43858252;835501601217286
1217288;4501888250;43858252;835501601217288
1217337;4501888250;43858252;835501601217337
1217953;4501888250;43858252;835501601217953
1217958;4501888250;43858252;835501601217958
1217959;4501888250;43858252;835501601217959
1218001;4501888250;43858252;835501601218001
1218506;4501888250;43858252;835501601218506
1305158;4501888250;43858252;835501701305158
1383005;4501888250;43858252;835501701383005
1383218;4501888250;43858252;835501701383218
1383225;4501888250;43858252;835501701383225
1383717;4501888250;43858252;835501701383717
1384250;4501888250;43858252;835501701384250
1384462;4501888250;43858252;835501701384462
27007315;4501888250;43858252;312291027007315
28605489;4501888250;43858252;312291128605489
29091245;4501888250;43858252;312291129091245
29455641;4501888250;43858252;312291229455641
29510353;4501888250;43858252;312291229510353
29511241;4501888250;43858252;312291229511241
29513725;4501888250;43858252;312291229513725
29973440;4501888250;43858252;312291229973440
30373194;4501888250;43858252;312291330373194
30373236;4501888250;43858252;312291330373236
30373319;4501888250;43858252;312291330373319
30373345;4501888250;43858252;312291330373345
30373361;4501888250;43858252;312291330373361
30373363;4501888250;43858252;312291330373363
30373527;4501888250;43858252;312291330373527
30373557;4501888250;43858252;312291330373557
30373783;4501888250;43858252;312291330373783
30375614;4501888250;43858252;312291330375614
30375643;4501888250;43858252;312291330375643
30375653;4501888250;43858252;312291330375653
30375662;4501888250;43858252;312291330375662
30375821;4501888250;43858252;312291330375821
30375839;4501888250;43858252;312291330375839
30401351;4501888250;43858252;312291330401351
30401784;4501888250;43858252;312291330401784
30401944;4501888250;43858252;312291330401944
30401947;4501888250;43858252;312291330401947
30401950;4501888250;43858252;312291330401950
30901402;4501888250;43858252;312291330901402
30901409;4501888250;43858252;312291330901409
30901415;4501888250;43858252;312291330901415
30901435;4501888250;43858252;312291330901435
30901632;4501888250;43858252;312291330901632
30901954;4501888250;43858252;312291330901954
31006592;4501888250;43858252;312291431006592
31006645;4501888250;43858252;312291431006645
31006843;4501888250;43858252;312291431006843
31046494;4501888250;43858252;312291431046494
31046701;4501888250;43858252;312291431046701
31046710;4501888250;43858252;312291431046710
31046968;4501888250;43858252;312291431046968
31046969;4501888250;43858252;312291431046969
31046976;4501888250;43858252;312291431046976
31047946;4501888250;43858252;312291431047946
31047947;4501888250;43858252;312291431047947
31047975;4501888250;43858252;312291431047975
31048074;4501888250;43858252;312291431048074
31049193;4501888250;43858252;312291431049193
31105568;4501888250;43858252;312291431105568
31105569;4501888250;43858252;312291431105569
31105574;4501888250;43858252;312291431105574
31105746;4501888250;43858252;312291431105746
31106139;4501888250;43858252;312291431106139
31106145;4501888250;43858252;312291431106145
31106147;4501888250;43858252;312291431106147
31106168;4501888250;43858252;312291431106168
31106171;4501888250;43858252;312291431106171
31106181;4501888250;43858252;312291431106181
31106189;4501888250;43858252;312291431106189
31106203;4501888250;43858252;312291431106203
31106278;4501888250;43858252;312291431106278
31107190;4501888250;43858252;312291431107190
31107214;4501888250;43858252;312291431107214
31107256;4501888250;43858252;312291431107256
31794892;4501888250;43858252;312291431794892
31795551;4501888250;43858252;312291431795551
31796055;4501888250;43858252;312291431796055
31828834;4501888250;43858252;312291431828834
31828854;4501888250;43858252;312291431828854
32055973;4501888250;43858252;312291532055973
26238190;4501888250;43858252;312290926238190
29455045;4501888250;43858252;312291229455045
29972937;4501888250;43858252;312291229972937
30375611;4501888250;43858252;312291330375611
31006591;4501888250;43858252;312291431006591
31006930;4501888250;43858252;312291431006930
31006933;4501888250;43858252;312291431006933
31006949;4501888250;43858252;312291431006949
31046736;4501888250;43858252;312291431046736
31047949;4501888250;43858252;312291431047949
31047971;4501888250;43858252;312291431047971
31049168;4501888250;43858252;312291431049168
31049175;4501888250;43858252;312291431049175
31049184;4501888250;43858252;312291431049184
31105372;4501888250;43858252;312291431105372
31105434;4501888250;43858252;312291431105434
31105742;4501888250;43858252;312291431105742
31105781;4501888250;43858252;312291431105781
31105785;4501888250;43858252;312291431105785
31106019;4501888250;43858252;312291431106019
31106173;4501888250;43858252;312291431106173
31106201;4501888250;43858252;312291431106201
31106454;4501888250;43858252;312291431106454
31106842;4501888250;43858252;312291431106842
31106844;4501888250;43858252;312291431106844
31795562;4501888250;43858252;312291431795562
31828867;4501888250;43858252;312291431828867
31828868;4501888250;43858252;312291431828868
37653848;4501888250;43858252;312291837653848
38108350;4501888250;43858252;312291838108350
38108873;4501888250;43858252;312291838108873
38233922;4501888250;43858252;312291838233922
38802164;4501888250;43858252;312291938802164
38852286;4501888250;43858252;312291938852286
38929966;4501888250;43858252;312291938929966
39658581;4501888250;43858252;312292039658581
39660194;4501888250;43858252;312292039660194
39754642;4501888250;43858252;312292039754642
40131406;4501888250;43858252;312292040131406
40132739;4501888250;43858252;312292040132739
40653207;4501888250;43858252;312292140653207
40716363;4501888250;43858252;312292140716363
40719084;4501888250;43858252;312292140719084
40719494;4501888250;43858252;312292140719494
41041531;4501888250;43858252;312292141041531
41080570;4501888250;43858252;312292141080570
41081081;4501888250;43858252;312292141081081
41444565;4501888250;43858252;312292241444565
41497256;4501888250;43858252;312292241497256
41688191;4501888250;43858252;312292241688191
41689315;4501888250;43858252;312292241689315
41690778;4501888250;43858252;312292241690778
42157959;4501888250;43858252;312292242157959
42238859;4501888250;43858252;312292342238859
42240610;4501888250;43858252;312292342240610
42242100;4501888250;43858252;312292342242100
42329258;4501888250;43858252;312292342329258
42822110;4501888250;43858252;312292342822110
37141074;4501888250;43858252;312411837141074
37246494;4501888250;43858252;312411837246494
37246714;4501888250;43858252;312411837246714
37247057;4501888250;43858252;312411837247057
31348239;4501888250;43858253;312401431348239
40085214;4501888250;43858253;312402040085214
41439901;4501888250;43858253;312402241439901
30549604;4501888250;43858203;310051330549604
30549609;4501888250;43858203;310051330549609
28290079;4501888250;43858202;312411128290079
24180370;4501888250;1393605033;35501024180370
818775;4501888250;43858202;32291200818775
819008;4501888250;43858202;32291200819008
819009;4501888250;43858202;32291200819009
819592;4501888250;43858202;32291200819592
837213;4501888250;43858202;32291200837213
848494;4501888250;43858202;32291200848494
848570;4501888250;43858202;32291200848570
848631;4501888250;43858202;32291200848631
848815;4501888250;43858202;32291200848815
850257;4501888250;43858202;32291200850257
850302;4501888250;43858202;32291200850302
850344;4501888250;43858202;32291200850344
850470;4501888250;43858202;32291200850470
850522;4501888250;43858202;32291200850522
850690;4501888250;43858202;32291200850690
850718;4501888250;43858202;32291200850718
851074;4501888250;43858202;32291200851074
855154;4501888250;43858202;32291200855154
855155;4501888250;43858202;32291200855155
863434;4501888250;43858202;32291300863434
863462;4501888250;43858202;32291300863462
863475;4501888250;43858202;32291300863475
864202;4501888250;43858202;32291300864202
873148;4501888250;43858202;32291300873148
873428;4501888250;43858202;32291300873428
873430;4501888250;43858202;32291300873430
873495;4501888250;43858202;32291300873495
873503;4501888250;43858202;32291300873503
888626;4501888250;43858202;32291300888626
888718;4501888250;43858202;32291300888718
888968;4501888250;43858202;32291300888968
888981;4501888250;43858202;32291300888981
912662;4501888250;43858202;32291300912662
922547;4501888250;43858202;32291400922547
922579;4501888250;43858202;32291400922579
922736;4501888250;43858202;32291400922736
922745;4501888250;43858202;32291400922745
927436;4501888250;43858202;32291400927436
928171;4501888250;43858202;32291400928171
928180;4501888250;43858202;32291400928180
928231;4501888250;43858202;32291400928231
928233;4501888250;43858202;32291400928233
928235;4501888250;43858202;32291400928235
928239;4501888250;43858202;32291400928239
928244;4501888250;43858202;32291400928244
928258;4501888250;43858202;32291400928258
928267;4501888250;43858202;32291400928267
928269;4501888250;43858202;32291400928269
928312;4501888250;43858202;32291400928312
928692;4501888250;43858202;32291400928692
928699;4501888250;43858202;32291400928699
928702;4501888250;43858202;32291400928702
928706;4501888250;43858202;32291400928706
928708;4501888250;43858202;32291400928708
951370;4501888250;43858202;32291400951370
951372;4501888250;43858202;32291400951372
951376;4501888250;43858202;32291400951376
951382;4501888250;43858202;32291400951382
951617;4501888250;43858202;32291400951617
951640;4501888250;43858202;32291400951640
951664;4501888250;43858202;32291400951664
951774;4501888250;43858202;32291400951774
951782;4501888250;43858202;32291400951782
951817;4501888250;43858202;32291400951817
1159156;4501888250;43858202;692411801159156
1159157;4501888250;43858202;692411801159157
1187862;4501888250;43858202;692411801187862
1195724;4501888250;43858202;692411801195724
1197772;4501888250;43858202;692411801197772
26359245;4501888250;43858252;312290926359245
26600835;4501888250;43858252;312290926600835
28605013;4501888250;43858252;312291128605013
28605541;4501888250;43858252;312291128605541
29091287;4501888250;43858252;312291129091287
29154571;4501888250;43858252;312291129154571
29154572;4501888250;43858252;312291129154572
29154611;4501888250;43858252;312291129154611
29229053;4501888250;43858252;312291229229053
29454895;4501888250;43858252;312291229454895
29513202;4501888250;43858252;312291229513202
29513247;4501888250;43858252;312291229513247
29513542;4501888250;43858252;312291229513542
29671082;4501888250;43858252;312291229671082
29972435;4501888250;43858252;312291229972435
29972969;4501888250;43858252;312291229972969
30373097;4501888250;43858252;312291330373097
30373134;4501888250;43858252;312291330373134
30373185;4501888250;43858252;312291330373185
30373275;4501888250;43858252;312291330373275
30373343;4501888250;43858252;312291330373343
30373444;4501888250;43858252;312291330373444
30373452;4501888250;43858252;312291330373452
30373458;4501888250;43858252;312291330373458
30373504;4501888250;43858252;312291330373504
30373513;4501888250;43858252;312291330373513
30373597;4501888250;43858252;312291330373597
30374530;4501888250;43858252;312291330374530
30375609;4501888250;43858252;312291330375609
30375610;4501888250;43858252;312291330375610
30375842;4501888250;43858252;312291330375842
30375850;4501888250;43858252;312291330375850
30400932;4501888250;43858252;312291330400932
30401895;4501888250;43858252;312291330401895
30401911;4501888250;43858252;312291330401911
30401912;4501888250;43858252;312291330401912
30401916;4501888250;43858252;312291330401916
30401930;4501888250;43858252;312291330401930
30901397;4501888250;43858252;312291330901397
30901399;4501888250;43858252;312291330901399
30901403;4501888250;43858252;312291330901403
30901431;4501888250;43858252;312291330901431
30901451;4501888250;43858252;312291330901451
31006556;4501888250;43858252;312291431006556
31007507;4501888250;43858252;312291431007507
31046022;4501888250;43858252;312291431046022
31046355;4501888250;43858252;312291431046355
31046356;4501888250;43858252;312291431046356
31046398;4501888250;43858252;312291431046398
31046523;4501888250;43858252;312291431046523
31046534;4501888250;43858252;312291431046534
31048061;4501888250;43858252;312291431048061
31048073;4501888250;43858252;312291431048073
31048321;4501888250;43858252;312291431048321
31105751;4501888250;43858252;312291431105751
31106162;4501888250;43858252;312291431106162
31106188;4501888250;43858252;312291431106188
31106193;4501888250;43858252;312291431106193
31106195;4501888250;43858252;312291431106195
31106375;4501888250;43858252;312291431106375
31106385;4501888250;43858252;312291431106385
31106411;4501888250;43858252;312291431106411
31106931;4501888250;43858252;312291431106931
31107195;4501888250;43858252;312291431107195
31107198;4501888250;43858252;312291431107198
31107351;4501888250;43858252;312291431107351
31794883;4501888250;43858252;312291431794883
31794898;4501888250;43858252;312291431794898
31795557;4501888250;43858252;312291431795557
31796117;4501888250;43858252;312291431796117
32056405;4501888250;43858252;312291532056405
940892;4501888250;43858252;835501500940892
1029574;4501888250;43858252;835501601029574
1029576;4501888250;43858252;835501601029576
1029637;4501888250;43858252;835501601029637
1040329;4501888250;43858252;835501601040329
1040607;4501888250;43858252;835501601040607
1059723;4501888250;43858252;835501601059723
1059748;4501888250;43858252;835501601059748
1217365;4501888250;43858252;835501601217365
1217998;4501888250;43858252;835501601217998
1218058;4501888250;43858252;835501601218058
35924065;4501888250;43858253;312401735924065
